Sr No.,Emo_num
8267,4
6211,5
10948,5
8438,6
3190,3
8034,2
1278,6
4408,0
8877,4
9413,2
3057,0
1115,6
4465,4
10742,6
2460,4
1307,1
663,4
2296,1
7127,5
4228,4
4727,6
2073,2
7801,5
7883,1
4959,2
1430,1
7257,0
6100,3
12353,2
4146,3
9840,0
8982,3
6885,5
1034,2
6342,1
5787,4
10151,5
8993,5
1187,4
8305,2
676,1
3192,5
10099,3
481,4
11304,1
12803,6
1668,5
286,1
4441,3
4522,2
12617,2
11464,4
10504,3
8562,4
7963,5
5672,4
6022,6
10677,4
3444,4
7946,5
3401,3
5299,1
7853,1
13562,6
3825,4
6982,5
9767,5
10574,1
9526,5
8344,3
6602,4
3445,2
11031,1
9269,0
5653,0
6663,1
8593,6
9447,2
914,3
13672,0
236,1
8042,4
10503,2
1493,2
10185,0
5114,1
8351,2
9080,6
11360,4
5175,5
2830,4
8399,0
6846,1
11833,2
7550,4
11566,5
1000,6
6079,4
4498,4
5741,6
2746,6
7802,1
4326,2
893,2
1912,1
2018,6
4485,5
2763,2
2314,5
1559,6
11017,4
1511,1
12934,0
6293,6
2603,6
6987,3
13200,6
12751,2
6829,0
1946,4
1655,5
6066,3
1156,0
5461,1
999,2
12725,4
13149,0
6067,5
6203,4
3214,2
4447,1
32,1
5614,4
11892,6
2737,4
8432,6
11402,0
9439,1
9242,2
6150,3
8402,6
4850,1
2242,0
6715,4
12052,1
3925,4
143,4
2468,1
7619,2
2132,5
9329,4
8010,4
1333,6
13599,3
12987,1
1271,4
7941,0
12162,2
8349,5
9986,5
12503,0
1838,5
873,2
5022,5
6922,1
2327,5
10707,6
2893,5
7442,6
6205,6
10578,6
8071,2
9826,4
3150,3
6116,0
3944,0
10154,1
13064,1
3532,5
12035,3
10243,4
6734,6
839,6
6744,0
3748,6
7884,0
5954,6
9414,5
7028,4
9871,0
1995,4
2791,0
7474,0
6799,4
11667,3
6722,1
4353,0
10336,6
6192,2
10887,1
9809,4
562,3
678,5
3617,6
5195,3
4070,1
7924,2
7082,2
2181,5
5211,4
870,4
2860,3
1038,0
12612,1
4883,3
520,1
781,4
2360,4
5781,3
3277,6
11175,1
7193,1
5382,2
8342,2
6049,5
6292,2
10766,1
7000,0
5657,3
3989,6
10424,3
11916,4
11559,1
2864,4
9163,1
4898,2
6606,6
1661,1
13553,5
486,3
3017,5
6552,5
2082,5
4444,5
2413,3
12114,4
10265,3
784,4
10534,4
2362,3
66,3
9237,3
1710,1
3858,4
2348,3
8975,6
1570,2
12,2
292,6
11743,2
8202,4
12411,3
12548,3
297,0
3640,1
7596,3
2555,6
13334,6
7557,4
10193,6
2491,1
13376,3
9669,1
13539,0
5922,4
8621,4
9768,3
7089,5
4533,3
10651,4
672,5
1849,3
12272,3
8109,5
4658,5
11333,2
6955,1
2304,0
4047,5
9157,6
273,5
4729,4
3348,0
10317,5
6443,3
12196,6
2011,0
11992,0
5955,5
10256,6
1487,1
13667,0
5145,0
9140,2
2841,6
11429,3
11953,2
1121,5
795,1
1645,0
13010,1
4276,0
10390,1
2321,6
4118,2
5478,5
2531,1
10463,1
1611,1
2329,1
178,5
2657,6
6830,1
12572,1
6310,6
9568,2
6538,6
10025,5
12463,3
12603,0
433,2
16,3
13571,1
11034,3
7509,5
10618,3
6427,4
10402,2
3213,5
8800,6
11676,0
13514,5
4791,6
832,5
4541,4
4054,2
8512,1
8036,1
6429,3
10179,0
7765,5
10348,2
7017,2
6398,2
12552,2
1168,2
1666,0
3717,3
731,1
12279,3
10215,5
4686,1
13470,1
863,6
5693,5
11264,0
3181,2
8196,6
4704,1
3458,0
1294,0
8794,5
4995,6
8619,1
1718,3
12408,2
7184,0
10692,6
5904,4
354,2
3125,3
3218,3
10433,5
2837,0
884,1
13317,4
6334,6
1803,0
12330,5
1786,3
7306,6
6514,3
11282,3
11128,4
6044,2
10449,6
10795,4
2322,1
13166,0
9075,3
8755,3
2325,4
11940,1
9517,6
13324,3
6629,1
2191,6
12075,4
11846,3
8336,5
10561,5
6521,3
3490,2
8568,3
5102,3
4155,3
13246,4
7680,3
8888,3
10859,4
11860,3
4203,5
6701,5
8095,0
2579,1
9265,0
10251,0
12868,3
9735,4
9352,3
5855,3
3358,1
10687,6
8773,0
2782,1
9715,2
11501,4
417,0
4295,2
10579,6
4864,2
10104,3
7266,5
7270,4
9379,4
6072,3
11200,1
3937,0
7803,0
13321,0
3885,2
9639,4
8558,1
2998,0
11384,0
10499,6
12860,0
454,6
8220,2
13004,6
8932,0
2005,5
6784,3
3634,0
13185,4
3276,1
1159,3
7054,2
11713,3
965,4
6970,0
625,1
4449,4
10347,2
748,4
10847,6
8337,1
13320,1
2188,3
4757,5
5504,5
6007,5
1315,2
3628,5
3510,1
13280,0
3986,1
5376,3
11641,4
5256,6
12529,0
12893,5
11711,5
5751,0
3573,5
9186,6
9465,3
261,0
7290,0
1938,5
1842,4
12879,2
355,6
9549,3
2443,1
8876,4
964,6
5576,1
5483,6
1747,2
13328,2
5580,1
9478,1
7347,3
13277,5
12903,0
11112,1
394,2
12081,3
11844,6
10530,0
1870,5
10516,4
4580,6
1682,0
4221,3
8364,4
5277,0
2223,6
12494,2
10156,3
10330,4
5037,1
624,2
13412,1
13380,1
3288,4
5430,5
1826,0
6690,0
5629,5
11913,3
1805,4
12241,0
6845,5
6354,6
5459,6
1393,5
13452,0
3416,1
4248,1
10804,5
691,3
10533,1
12301,3
8496,6
7852,2
6782,4
1001,2
7135,3
6962,1
2537,2
1331,3
41,0
7456,2
4617,6
13401,3
7493,6
4922,2
11335,5
766,5
8859,4
2624,0
4246,5
12227,0
1404,4
3089,2
8242,4
2693,4
9771,4
1834,0
11410,6
1282,0
11507,0
11469,4
10409,1
6937,3
10964,2
9721,6
12139,3
1504,2
6682,0
1600,6
7632,0
9780,2
1473,5
5554,2
11895,5
5499,0
6986,5
1859,1
429,2
1597,0
9239,0
9496,5
1928,1
12916,6
13332,5
4081,4
5287,6
2049,0
13488,1
9182,6
423,6
7732,0
12891,4
10462,4
1621,4
8389,4
1872,1
10637,4
4859,1
4524,1
11898,3
3652,0
11302,3
5415,4
11687,1
926,6
6735,5
11868,5
3105,3
4231,4
7635,2
12397,5
38,0
599,0
2431,1
5650,0
3880,1
5622,5
1377,6
12988,5
8913,3
10761,0
5736,4
7079,4
11099,1
8678,5
1536,2
8481,3
4488,1
12225,5
11043,3
3437,2
5230,1
13343,0
1760,3
10593,1
7837,3
7588,3
8243,0
11689,1
8397,4
9377,0
12267,2
4961,1
3552,4
9205,6
7555,5
11299,1
10539,4
8953,1
6894,1
9746,1
12746,0
12040,3
2875,6
12424,2
8996,2
590,1
2201,4
8765,0
255,1
10192,3
2849,3
10821,1
5355,2
3953,3
1853,5
9803,4
1628,4
8922,3
11688,2
11792,0
2799,1
9054,5
1071,5
3476,1
6337,0
12861,5
8939,6
1864,3
9297,5
2976,0
11934,3
11432,2
10650,2
5165,1
8463,2
11375,6
7770,2
9555,3
11225,4
3896,4
3031,3
3434,4
8553,5
10218,4
4746,0
11095,6
10713,2
9490,4
3291,4
11887,0
12343,1
12436,6
7798,1
1308,6
2160,4
5895,5
12968,4
5361,5
11632,1
1744,0
12925,2
12789,3
11723,2
10284,4
10931,4
11664,5
10369,6
6985,1
1503,1
2915,1
8303,5
7366,6
6428,6
1162,0
11273,6
2111,6
9420,4
103,3
9481,1
10244,3
1030,2
6158,2
6506,2
704,5
1727,2
12700,1
10493,0
3843,2
5463,2
1900,0
2722,4
9705,2
3607,0
10628,3
8583,4
3831,6
7927,5
4932,4
3933,4
8125,3
12588,0
6691,1
381,1
6102,2
12929,6
3025,0
13298,3
7616,0
6110,0
2651,3
10784,4
1228,6
2315,0
13236,3
4199,1
12446,5
719,0
4437,5
7414,3
10725,4
3855,0
4264,5
12406,4
3551,2
6676,2
2829,0
10858,4
1866,3
10212,2
11161,1
11132,0
12616,0
10986,2
572,1
11289,5
12164,3
10149,4
7711,2
4518,0
3783,3
2214,2
9488,5
8742,3
5097,6
3928,0
6357,5
9985,4
4006,3
702,1
8584,2
2464,1
9850,3
1139,4
12923,1
5714,1
2992,1
343,0
11420,3
13366,2
10255,0
13055,1
4586,5
7402,5
3407,2
10206,0
527,6
3720,6
4956,5
7878,1
2593,4
1592,3
7182,0
13266,2
12798,4
6997,0
1306,1
11315,3
8920,0
1184,5
6836,0
9706,2
8856,4
12178,3
1612,5
2377,5
9531,3
13357,6
13188,0
5835,0
621,6
4874,3
4241,3
9280,3
5795,5
613,1
3884,0
4855,1
5409,0
2007,2
13546,5
3987,0
4527,5
5045,6
2732,3
8398,5
8673,5
1134,3
7832,1
10543,2
13243,6
6036,4
9451,1
2906,5
9187,2
10591,4
12768,0
8328,1
4283,0
6699,1
10100,3
4243,4
3465,3
9210,0
11149,1
7022,1
5595,1
5372,2
10464,1
12230,4
12374,6
10668,2
11825,4
1490,5
11498,4
13112,0
5184,4
9226,6
173,2
4201,5
1484,1
465,2
9485,2
6712,5
12271,0
4129,5
5674,6
10634,0
2862,3
12263,6
185,0
12351,0
12619,1
7754,5
13684,4
11008,4
6950,2
7094,2
8430,3
2338,0
3148,3
5105,3
12532,3
8231,4
5983,0
1477,5
10901,1
2417,1
5866,3
1151,0
11704,6
3263,1
9742,3
10327,4
12951,2
5745,6
12730,3
384,4
6394,2
10159,3
526,4
5852,4
6032,5
6461,4
5431,3
5898,0
11228,4
6385,6
8283,4
5879,4
5590,1
7549,6
4057,3
10598,2
5857,5
8444,1
11886,2
1705,3
3073,3
7132,1
1175,6
252,2
8205,4
2805,6
2608,6
1762,5
7757,6
6233,2
8527,3
6912,1
11939,5
11549,1
3095,1
11184,4
12808,0
2324,2
8081,4
11320,0
6183,0
2135,6
6093,2
10123,1
10825,0
6831,5
9203,1
11026,5
6895,4
7683,3
10481,0
7613,1
12649,5
6113,4
4899,3
7556,2
2494,5
4600,5
1925,1
7282,1
1402,4
5234,5
12060,0
829,4
233,5
13192,4
8225,0
6685,0
2014,5
4052,2
4499,1
11604,2
13426,0
7910,4
7129,0
4698,2
5294,4
5143,1
11770,0
1759,4
8137,1
8801,6
11058,2
6189,6
10826,0
12756,1
12097,1
11250,6
11523,0
8865,1
6074,5
4190,4
10647,3
13364,6
10942,5
7783,2
3759,3
21,1
2541,4
13193,5
13417,3
12126,4
12970,4
3427,3
3071,5
10035,1
5880,3
9074,6
6592,4
4707,2
11611,1
7516,0
6432,0
10120,3
8269,3
5718,4
3673,4
1556,3
2513,0
4282,2
501,4
12558,4
12596,6
6075,5
5072,6
4193,2
2163,0
3307,5
3055,0
13139,3
3846,0
5938,2
695,2
8972,6
10868,5
2640,2
12820,5
9759,0
150,1
3118,0
988,3
3870,5
3016,6
12947,0
701,6
2055,2
5757,5
11773,0
13291,6
1502,4
3509,6
13408,3
13462,4
8097,5
6400,1
4184,2
6703,4
13400,6
7480,0
1603,0
5520,2
10801,1
632,1
4479,2
5707,2
317,2
7985,5
848,5
3054,5
7110,0
800,6
2203,5
11387,2
12646,4
11927,4
3975,1
6068,4
4979,4
12251,4
1770,1
9798,3
12281,0
4164,4
3431,4
9645,4
11351,0
4426,1
13495,6
12785,3
8156,0
13329,4
10809,1
9874,1
9913,5
10837,0
231,0
8745,6
10473,1
5683,1
13455,3
7125,5
4152,5
8443,6
9337,1
4569,5
5103,2
12478,6
11843,6
1580,2
727,6
734,5
7624,5
11562,0
2575,5
12583,2
126,0
2705,5
2582,2
3837,2
10146,2
10242,0
10217,6
7248,3
235,1
1489,2
9591,5
6346,2
3888,1
3862,4
3861,6
10328,5
11703,6
7489,6
5581,4
1007,2
11292,5
7085,3
1374,6
10315,1
11786,3
6534,3
10609,0
371,2
283,3
9830,5
8086,2
9010,1
2081,3
11728,2
7238,5
2816,6
6800,4
853,2
4976,1
1829,4
13537,0
94,6
2682,1
7350,5
12083,1
2326,6
11135,4
8288,5
407,1
314,3
13227,3
3161,2
11013,3
4165,1
4767,4
12400,3
5311,2
3929,5
1557,3
769,2
8633,3
7870,0
3599,3
270,1
2182,4
7137,2
7175,2
1848,6
1444,6
9278,2
70,1
2482,4
7455,3
9361,5
6118,1
1266,3
10615,5
581,4
4753,6
11362,2
12750,4
11520,5
4487,1
8405,2
10952,5
3425,3
3971,3
9127,1
4863,3
5100,2
4947,6
8250,6
7490,5
6926,6
1917,6
6561,5
8588,5
12651,5
8976,2
9670,0
1812,5
214,2
6381,2
1372,2
1818,0
9024,5
7340,6
10738,1
11899,1
4333,0
11758,6
4318,0
1035,5
6717,6
10993,0
12546,5
1566,0
13612,2
6755,3
3211,4
7821,0
12954,1
7682,0
4370,5
13581,2
4256,3
10438,2
1899,4
2379,1
12252,6
811,6
2458,2
9185,4
6188,2
828,6
2530,2
6543,3
1976,4
12477,6
11839,1
9750,1
8245,2
11209,4
5991,2
1291,6
12671,4
6931,6
6202,3
13664,3
2962,1
4427,5
2765,4
5891,3
2155,5
8977,1
1388,4
7786,6
13106,2
9146,2
5453,6
13565,3
11411,2
8133,6
12456,5
11168,5
5872,6
8265,4
1195,3
4538,3
7756,6
11025,2
1036,1
8504,3
11510,3
2823,5
2059,5
49,5
8473,1
11513,3
11935,3
3519,1
1694,0
5271,3
7339,2
10484,2
13293,2
7738,0
4884,4
216,3
12863,1
5088,3
5829,1
12247,0
4614,6
12553,6
11389,4
5027,6
745,2
8829,4
6319,4
7368,4
338,5
729,0
13098,6
2528,3
4093,5
7351,1
10613,2
11988,5
9197,2
6433,0
9122,3
5319,3
1681,6
8110,1
4579,5
2880,3
6132,0
9448,2
3516,3
4556,6
6371,2
7926,4
12825,1
1607,6
1013,0
10084,0
879,0
12763,0
12852,6
7612,4
10397,1
12215,0
2411,3
6761,6
11098,4
7072,1
8,4
7844,1
6598,6
4124,5
12319,0
12998,6
10477,0
3548,1
11277,5
8040,3
6804,4
3183,2
9865,6
1955,2
6114,3
4818,6
2089,2
9595,3
7158,5
7090,3
12956,6
7866,1
13688,1
10125,0
1283,0
3688,1
6855,6
2630,6
4712,3
7823,6
3201,0
12796,3
5425,1
6353,0
10584,4
12191,4
12920,0
898,0
9906,4
6570,2
6245,4
1673,4
9101,3
10755,3
5921,1
163,0
7,6
10762,6
7441,6
11042,1
11249,3
333,3
1671,4
12378,5
6439,3
319,1
2139,5
1916,3
12497,1
13516,3
809,2
9218,5
1101,0
2101,0
1574,2
7687,4
4857,2
419,2
7328,1
10726,0
11585,4
11823,5
6136,6
10724,3
12287,1
13382,5
9520,4
5497,2
322,6
13559,2
11747,3
655,4
5359,6
4297,5
3765,5
11830,4
11417,4
1824,1
6274,2
2908,6
13259,3
4491,4
3189,6
5573,1
1211,0
6850,4
5631,4
11343,5
9663,0
9745,6
4359,5
2432,1
6639,5
2865,0
6891,1
7568,0
9926,6
4919,1
6335,1
11745,5
11911,0
5342,2
9139,0
7712,3
6366,3
12640,2
1990,4
253,5
6536,3
855,6
12557,1
4897,1
1616,4
8155,3
8869,0
12416,5
9781,3
10733,5
9852,4
6794,0
12931,0
12971,0
994,1
9136,2
12714,1
11229,5
12696,5
13299,4
12127,4
3346,6
2637,1
7990,1
7907,4
7512,3
8334,5
12146,0
547,2
7298,4
12601,0
9910,5
12190,2
9228,6
10021,3
9576,6
4795,4
13289,3
3335,6
6084,5
13345,4
13262,1
13133,6
2265,3
4546,3
5001,1
476,0
9966,2
10026,3
8518,3
5749,0
4435,4
3233,3
8574,2
11924,3
8012,2
11801,0
7217,5
5619,2
11307,4
11240,6
4486,1
10339,6
7859,5
7899,4
9886,5
7657,5
7804,3
8486,3
1933,4
4205,6
9288,2
483,3
10991,4
5792,4
13003,0
8826,6
5861,4
12440,1
8348,4
10765,6
10975,3
219,6
8375,5
7814,3
666,5
7992,4
4175,5
1114,6
6019,6
5387,0
2961,2
763,0
10822,0
11628,1
7988,0
12265,4
12982,6
13117,3
11116,0
3488,0
99,0
4615,6
8510,3
13211,4
8649,1
8480,2
1422,2
360,5
11005,6
949,4
10028,5
6775,4
6508,4
6917,5
3433,4
7101,5
3184,0
4725,0
9743,1
5017,6
6810,5
1257,6
7694,0
4421,2
8780,5
1016,0
8353,1
6234,2
9276,5
2291,4
11359,2
10040,3
816,3
10220,3
8769,2
6460,6
10098,5
5424,4
3776,4
12743,0
9299,2
2561,3
8534,1
13572,0
7061,4
9799,1
13526,0
7208,1
3356,4
1749,6
13110,4
12274,0
1481,4
4817,5
7153,4
10150,5
8600,0
9933,3
868,6
12207,0
6045,1
8346,0
4327,4
6730,6
8531,0
842,1
6091,0
10280,0
12555,6
1651,1
323,1
7312,6
6695,2
1631,5
12375,1
8899,1
2100,1
12051,1
7332,6
10419,1
5207,3
5917,4
1104,0
6322,1
351,6
642,0
13706,1
7392,6
6660,1
10976,4
11660,1
5843,3
7143,1
8210,1
10563,0
8057,0
8779,6
725,6
4892,1
3042,3
6557,6
8153,0
6929,3
9179,6
8476,4
7684,3
5577,4
8598,4
10071,6
1314,0
9950,3
3670,2
7316,4
8264,0
9843,4
6273,4
7120,6
1626,6
10401,4
9630,0
12490,1
13685,6
711,6
3049,6
2572,5
11907,3
8979,0
13075,6
3632,5
8893,5
9077,6
9131,0
191,1
6089,5
13095,2
7136,5
11640,3
1091,5
8177,6
9642,0
13239,1
3541,4
5962,0
4232,0
5013,2
908,5
7258,1
7808,2
12811,0
3502,0
13683,3
8275,0
11206,5
12914,5
6616,2
10435,5
3903,0
3791,5
2526,4
1863,2
7367,6
6297,0
2761,6
2332,3
9032,4
5201,2
5853,2
11188,4
12886,4
12211,3
7343,6
6359,1
6547,2
9484,1
7953,4
11082,2
4894,6
10616,2
772,1
13011,2
12213,4
9976,4
485,4
4331,6
9461,0
11554,0
563,0
3322,5
4949,6
12776,4
10792,3
4623,2
10101,2
2844,1
8847,2
3104,0
5608,1
1633,2
13028,3
12542,1
2010,4
6983,5
10180,0
1132,2
6490,1
10936,5
5549,1
2982,6
7894,6
6261,0
4425,2
1929,4
2247,3
1906,1
767,2
3931,6
3283,6
8194,1
451,1
975,1
3786,0
2918,5
10467,3
10817,1
11620,0
5833,1
1930,2
4147,4
4706,5
4598,3
1183,5
9073,0
3857,1
2742,4
4563,1
2566,6
3758,0
11586,1
1775,2
8541,2
13687,0
7882,4
11665,1
4551,2
6194,2
6204,1
7721,5
11354,4
5987,0
12835,5
13668,2
696,0
8041,0
3538,1
2170,0
2473,3
1680,1
4383,3
430,5
6551,6
10753,1
9527,6
5885,4
1707,3
11922,0
11291,3
6815,5
13629,0
7038,1
7634,2
9972,4
9198,5
200,6
8063,1
2846,2
9816,0
11107,4
9424,1
9470,2
4371,6
8902,5
6013,5
2336,3
3115,1
12254,0
12765,5
1062,3
10886,5
11253,4
10296,1
13171,0
669,6
4419,1
11418,1
4621,2
1309,6
12451,6
12027,3
1675,3
4402,4
13577,2
2767,5
8802,5
4186,6
2550,1
2167,4
8489,1
857,2
2438,5
4903,6
9081,4
12298,2
4173,1
3360,6
1421,6
2032,0
8915,1
4754,4
585,4
13183,4
3918,4
1919,2
817,4
4691,4
9432,4
2506,0
3396,2
10239,5
1276,6
12975,3
12175,1
4510,0
1923,6
12394,2
2775,1
281,4
3802,2
2317,0
6474,0
2562,5
9011,3
1970,5
8563,4
6647,2
7395,2
7451,4
8956,4
11011,3
7096,5
5864,4
4207,4
12393,5
3336,4
10222,1
11600,3
13576,3
11105,0
1659,5
12266,0
7406,6
8107,3
8232,2
40,2
3455,6
1273,3
11401,0
9290,4
12854,1
7333,6
3815,4
5245,1
406,2
8799,1
8665,6
11265,3
12941,2
10060,3
10720,4
12023,3
11824,1
9335,6
10532,4
5297,6
10641,1
1126,4
9138,0
55,0
3000,6
7600,2
9264,0
12883,6
4334,2
7656,1
5186,5
71,3
1120,0
8681,4
2004,3
8838,1
9929,2
422,0
8073,2
2495,2
13172,6
6318,3
3040,0
171,2
12156,5
8313,1
5011,2
3026,0
4992,3
8844,2
2833,2
6904,4
4967,2
1027,3
35,1
2969,4
8150,4
9718,2
11556,2
2334,5
11124,0
3544,0
12317,3
5046,1
7805,0
2554,3
1480,6
10723,1
9266,6
10827,3
9740,2
9225,4
525,5
2341,2
7891,1
8684,1
13155,4
198,1
11547,3
3021,0
6587,1
250,2
1021,1
3824,5
4245,0
13263,1
4455,0
3582,6
6923,4
5537,2
13474,5
3029,2
9371,3
12665,4
4676,3
12788,1
2033,3
28,1
12704,6
1003,3
10495,5
9332,4
2666,6
8526,0
7128,2
3724,3
2118,2
5711,6
347,2
2544,5
9847,6
8055,4
3784,4
11189,0
3609,4
8585,4
6683,6
2202,6
4337,1
10277,6
8836,3
7914,1
4464,6
13212,6
9899,0
4809,6
11346,4
7428,5
5077,4
2279,1
6206,0
5616,5
11396,0
8701,5
11717,0
9391,5
3175,0
7011,1
3705,1
5010,4
4303,3
10458,0
2000,2
11970,3
6386,4
6021,5
11505,2
13602,3
11083,0
4336,1
8382,0
9142,1
7450,6
7106,1
2174,3
8768,4
11356,2
2355,6
5664,0
13386,1
1032,1
12592,0
11581,2
4787,2
1654,0
6938,3
4504,1
4298,5
7705,1
7784,3
2381,6
4858,4
11378,1
5708,3
12850,5
1653,5
12320,3
1869,6
532,5
8131,5
962,1
12482,1
9258,0
11404,6
1414,6
1735,6
2736,0
8728,6
12268,3
6152,3
7377,2
9837,0
13215,2
12887,0
8961,2
7724,5
9829,6
667,3
5125,3
8695,6
2404,2
717,1
651,0
8781,5
5116,3
8942,4
223,5
12363,5
2873,2
2385,6
12392,0
10912,0
4647,4
2514,2
6304,6
8465,0
9578,4
8319,1
106,1
10577,3
13630,4
9744,2
12511,4
7743,4
8076,4
13237,3
11080,1
3339,1
6129,6
2787,4
10866,0
2689,5
2305,0
8565,2
372,5
10996,0
2150,6
1780,2
3153,6
3636,0
4407,2
1395,1
4240,1
13363,5
3143,5
3899,0
13358,3
6963,0
8959,0
8358,0
13221,6
653,5
10303,2
125,4
10417,0
4168,4
1409,4
6275,3
2778,0
8098,5
9421,6
1993,6
8254,0
5501,0
7003,3
8873,2
1452,1
13558,0
11573,5
876,5
2211,2
10153,2
7303,5
11529,5
8450,4
936,0
3535,0
2813,0
1125,6
5488,4
7009,4
8713,6
2121,3
12953,1
9031,3
492,3
2585,3
3838,2
8165,4
1015,2
8124,0
8354,2
12046,6
7903,3
4799,5
12681,3
12938,4
13232,2
7436,4
7388,2
11575,2
5058,2
8262,5
802,0
7540,3
2238,2
4693,6
7066,1
4988,1
9359,2
12551,3
10661,3
12313,0
8490,0
3290,5
7874,2
5530,6
12613,5
6341,5
1056,2
4258,2
10848,5
3744,5
11337,5
493,4
11235,5
8835,3
9787,1
8576,6
13204,6
4564,1
7745,2
2710,0
12302,5
299,6
13584,6
13597,3
4099,3
1469,4
6993,1
10950,4
3714,6
8457,2
8161,6
13123,2
3675,0
6515,6
4329,3
11834,5
5701,6
2031,4
1647,0
2110,0
12437,2
8955,2
1123,6
1736,2
13069,4
7525,3
3593,5
2874,5
4105,2
8011,6
11064,2
2817,0
5598,4
7429,1
9736,6
9058,3
7880,4
511,3
13061,6
9862,3
12340,4
3872,4
9275,2
11819,1
10253,6
2319,5
4360,0
3053,1
1670,5
1005,3
8429,5
7287,5
7710,0
6488,4
5139,4
8911,4
11950,5
1435,3
8329,6
11052,0
7494,2
1082,3
6340,0
9071,0
1226,4
10350,3
13595,6
8590,1
9472,4
4566,6
4588,1
5754,2
13532,3
12666,2
5477,0
5589,5
3064,3
6050,0
8255,1
2798,5
5167,6
10994,5
1663,1
2636,1
5925,6
8115,2
13099,4
12720,2
3707,0
9060,5
6378,6
1939,5
9429,1
3766,0
10644,0
6088,4
4846,3
7321,3
6244,3
6017,5
3435,3
4513,6
7108,4
11430,0
11246,1
4748,2
2790,1
4862,6
5204,4
7353,2
10913,3
4086,2
9013,0
9283,5
8834,5
7354,3
11610,3
4811,6
10209,6
4736,1
7487,0
4609,5
2353,4
4260,6
7427,4
6688,1
291,5
1304,6
7411,4
912,1
7580,4
12962,6
5797,3
3976,1
8904,1
13421,2
3462,3
12125,1
7593,2
3753,4
756,6
1924,1
12972,5
8611,6
3902,3
7666,2
10389,6
4343,2
9156,3
12594,3
10797,6
4619,1
9479,5
5854,1
5462,0
10925,5
3187,2
12856,6
13534,4
9754,3
9160,1
7095,2
1822,3
6498,2
5875,6
8455,2
10875,2
8778,0
13501,4
140,2
4273,5
4901,2
9495,2
1450,6
744,2
9154,0
8390,4
6417,6
4624,0
3616,3
22,5
10249,5
7252,3
10230,2
5720,4
4478,4
12347,4
8658,4
3620,0
2257,2
9813,3
12760,0
339,0
6641,3
8515,5
9557,3
12896,4
390,2
7484,0
11321,6
3384,6
8642,4
10324,1
7345,5
2399,0
8514,6
13609,1
9927,4
7189,0
11690,0
8175,0
2401,2
657,6
8813,4
5887,6
4769,2
5203,3
8983,3
5946,2
2068,2
11557,3
11793,2
9909,0
5997,2
2753,2
11444,3
5503,3
5522,1
5071,6
13160,3
4,6
12006,0
5847,0
144,3
10696,5
2996,6
142,2
4252,5
12447,1
5064,3
7944,3
74,1
11918,5
12432,4
1769,0
98,2
4403,6
5524,5
6248,6
8266,3
12483,4
13038,1
169,4
7816,6
5267,1
8268,0
9703,3
6984,1
2388,0
7122,1
183,4
9611,2
4210,3
1847,5
10126,5
13505,5
12488,2
9028,3
1608,1
6790,6
5353,6
12255,3
8332,2
9766,3
9857,6
12179,3
8625,5
9459,0
10116,1
3569,3
8409,1
9486,4
13045,3
4192,6
11656,0
10271,6
9605,0
12926,1
7708,6
3440,5
3171,6
10015,4
11551,3
11438,2
7055,6
11946,3
10648,5
4828,3
7409,6
9946,6
1797,1
5959,0
13459,6
10702,4
7534,3
9360,1
2723,0
10307,2
2463,4
2507,2
7374,6
7777,2
9086,2
7253,4
3621,4
5354,3
11774,2
1094,4
11855,3
5487,2
11381,0
11624,2
4031,1
2079,6
9450,0
9209,4
3154,5
202,0
11967,1
9529,4
320,1
5790,6
5563,1
1887,1
3009,3
1911,0
6145,4
6872,0
4633,2
13538,5
11931,3
7648,0
11348,4
7660,3
3775,0
9647,2
5244,1
4782,5
325,0
4702,0
2104,2
2641,5
6672,3
10404,1
3565,1
9541,4
6407,5
646,2
3347,5
2658,0
5782,3
847,1
9975,3
13385,3
13551,0
2632,4
8182,3
8571,4
11998,0
7242,0
1445,6
7690,5
4476,1
5123,1
6262,2
1664,1
10318,4
8445,1
3093,4
11068,1
7768,2
1742,5
5658,3
5703,5
4975,4
13535,0
2092,3
9417,6
7435,2
12058,5
8146,3
2208,2
7067,5
13354,4
11840,4
1406,0
8556,4
6624,6
500,1
2290,4
9123,4
747,1
6284,4
5193,3
885,0
3624,2
9117,6
7905,5
7611,1
8885,0
2553,0
12360,1
3,1
10039,6
4871,2
3239,0
4215,4
13109,1
1279,4
5,5
5065,1
12974,0
13560,6
7983,6
6978,0
3816,0
2616,5
156,6
1453,6
13444,6
6299,1
6675,5
6105,1
3799,5
5441,2
6412,6
2853,2
6336,3
3072,3
11841,6
8908,4
7262,0
9867,3
7237,4
1708,2
13217,6
8308,0
4123,2
9629,1
2959,2
8261,5
7893,6
12777,5
6837,2
3698,4
4730,6
6519,6
11822,3
10165,4
12674,1
11427,4
2194,2
13148,2
9305,2
1734,3
12950,4
7640,5
3916,4
3402,5
10667,6
2670,5
12855,0
7280,6
2634,1
8758,1
5676,0
8368,2
3084,0
6496,4
7908,2
3112,4
1245,5
1691,4
12828,5
11984,4
7401,0
5290,0
11385,0
13115,0
3851,6
10860,5
7781,0
7364,2
13523,2
558,2
6294,2
6253,6
2957,6
11631,3
9141,3
8816,0
4377,3
9958,1
3762,0
3859,3
11393,4
12522,1
4384,5
3467,2
2920,4
10949,1
2331,0
3461,6
8754,2
482,5
2478,5
152,0
5320,0
10790,6
4265,2
213,3
11336,2
3169,2
6123,5
6489,6
5562,2
1418,4
606,4
10710,0
4909,6
12066,3
4577,1
4119,2
12041,1
12976,2
2947,5
8594,2
6838,1
10415,3
865,2
1940,2
6553,0
7382,5
6143,4
10044,4
1790,0
11303,3
3692,6
4758,6
10789,5
11170,1
2618,1
2644,2
161,5
5434,1
3710,4
287,0
502,3
9987,6
11905,0
7130,2
10471,0
2717,6
2426,4
11865,2
3647,4
1687,6
3426,6
7984,4
9971,2
8088,4
1699,2
2774,5
11332,5
12306,2
6482,4
736,0
584,0
5744,2
10299,6
9501,0
11646,4
4914,1
10518,2
11803,6
404,3
5568,6
13513,1
11077,2
9685,4
5525,4
8726,5
11996,1
7888,2
13418,6
1978,6
9792,1
11627,2
7220,6
11795,0
2271,3
10171,1
4393,5
3596,4
10007,6
8831,3
8547,2
2951,6
6077,1
13544,2
3797,3
4917,3
4832,0
11114,4
5181,2
1539,5
1731,4
3030,2
3912,0
12486,2
3295,0
2730,3
2901,1
12911,3
6706,2
1768,1
916,1
2870,3
7375,0
3066,0
7255,0
8234,2
10731,2
5239,1
13457,4
10367,4
4035,5
12690,4
5285,6
11158,6
12294,3
11202,1
9628,6
11938,4
11636,1
3760,5
5539,2
2502,5
9540,4
1362,4
3619,4
2289,3
13496,6
2827,4
9316,2
10794,6
9372,6
217,3
5262,5
13481,1
7761,6
2020,6
7447,4
9482,2
7171,4
12423,2
9989,6
7360,2
7774,4
4209,4
2800,5
8503,3
12000,5
2178,6
6621,2
13582,4
7744,4
3977,4
5212,1
3482,4
24,1
7222,6
6668,3
9030,5
615,1
3906,5
9908,1
690,4
12188,4
1965,2
7071,4
12010,5
6101,2
11027,0
9623,2
759,4
491,0
9222,0
4076,2
6307,3
2863,4
7886,3
9301,4
13588,1
8053,3
11255,0
8708,4
10147,5
11989,1
4401,1
13027,1
8994,4
8189,5
12742,6
5317,1
8520,6
2885,4
8426,1
8015,5
9100,5
8272,1
11973,0
6769,2
6656,2
6832,1
10400,0
9800,3
12346,2
13101,4
1325,2
5548,2
7911,0
6585,4
13564,4
12831,0
3236,3
6622,5
5796,2
3333,1
9777,1
13399,6
3814,5
1947,4
1074,1
8461,0
9709,2
4519,3
1543,0
1157,6
9510,5
9458,2
2282,4
224,5
1045,0
13465,0
10268,6
5232,4
4842,6
12143,2
12869,5
1285,3
6120,0
8065,2
12506,1
9596,2
4316,3
11602,3
1267,1
4229,1
11835,4
10042,6
11512,2
12133,4
2681,1
8850,4
8771,2
7472,6
3513,3
1499,2
1910,6
9267,3
5028,0
3715,0
3375,0
9903,5
426,2
5519,0
6361,1
448,2
5742,1
6920,6
6919,4
10181,4
7251,6
8499,2
10444,2
5545,1
13108,2
932,5
5889,1
1301,4
12275,0
776,5
3947,2
11879,0
9223,4
3956,0
568,1
659,2
9195,1
8875,2
2077,6
2276,4
5656,2
9613,3
4187,3
11407,0
8134,0
4596,1
11878,2
5538,0
11525,6
11661,1
3734,2
9918,0
13448,0
10631,3
7149,4
7952,0
11912,6
13648,2
6608,0
2520,3
8734,0
5312,0
2224,4
3633,3
10106,1
3308,6
2128,1
6948,5
5374,2
6776,1
974,4
2396,6
3257,0
4044,0
7201,6
10880,0
6491,0
2789,5
4144,5
1533,2
8300,1
11368,2
826,1
4719,1
957,0
9763,6
11395,1
2328,2
13446,2
2909,5
6613,6
2490,3
2269,3
9480,4
9454,5
12111,4
369,6
12643,0
934,3
12293,0
11595,3
5592,3
12005,4
10263,0
1130,2
6750,4
7614,0
3637,3
7513,5
679,5
3869,1
1881,0
7276,4
3555,1
9604,1
5663,4
3545,1
1227,6
12851,4
12496,1
2907,1
7231,4
6637,3
3342,1
12943,2
8528,3
11767,2
4033,3
4741,0
6677,3
3132,6
11506,1
4128,0
8235,2
10659,3
1905,3
9366,2
1232,0
60,6
892,2
943,6
5257,0
6286,6
5486,5
12513,6
5214,5
1577,1
6237,4
13020,6
1319,2
7971,5
7380,0
3326,0
6207,4
10382,1
890,4
4774,6
10603,2
9758,6
271,3
10203,4
10505,3
6455,3
2604,5
289,0
6193,3
439,4
6843,4
4585,2
3460,6
13624,2
12107,2
12876,0
11147,6
1020,4
6369,5
12773,0
11997,3
12699,5
20,3
11862,6
13701,6
2164,2
5215,1
8406,1
7206,6
9590,3
7558,1
9967,5
8091,0
2466,5
3923,5
5170,1
9822,0
2744,5
1784,2
7604,1
2549,5
5457,3
3739,2
11663,0
12475,2
12622,1
11732,2
12300,6
1642,2
11090,3
5498,0
11555,1
8551,1
7518,5
9824,0
11798,6
13453,5
6431,4
6600,6
8493,0
5871,3
2301,6
6406,2
11197,6
1985,2
12770,5
2784,6
4784,6
12568,3
6756,4
11645,6
1010,5
3221,2
6415,5
4225,0
375,1
1573,1
13547,3
6026,1
1379,6
11044,0
1043,4
4012,4
5721,6
686,4
11247,5
1956,2
8605,6
9216,1
12145,2
6793,4
4950,3
13255,0
5778,2
8718,0
1464,0
13228,3
10557,5
6694,3
6080,2
5544,2
11212,6
9120,1
13692,3
10664,5
5314,6
4348,6
5989,5
13275,6
3900,5
10757,4
11475,6
11028,2
1750,4
8554,6
10732,5
594,4
7452,1
1158,4
6434,2
8912,6
687,6
3355,5
4700,4
12772,2
5158,5
5934,1
7699,5
1648,2
2721,6
6753,2
13662,6
5380,3
2246,4
3139,2
7879,1
8068,1
11364,0
8854,5
11047,6
8653,4
8379,1
9312,4
1810,2
8168,5
110,1
5188,2
4016,5
10443,3
10904,2
6882,0
13395,6
3702,2
8721,2
13250,1
13129,0
5601,3
11085,1
8607,3
2299,1
5692,2
8341,5
12840,3
12576,3
7811,5
9313,4
8345,0
5062,3
2016,3
4261,5
7597,5
8542,2
4071,0
8395,2
12545,4
2298,4
11500,4
7912,6
4481,5
8060,3
12964,5
10796,5
1392,4
7031,5
7192,6
12518,1
3663,3
4279,1
12297,4
4373,0
11900,2
10210,0
12471,0
12993,1
5920,3
4484,1
3418,2
6424,2
5304,5
9441,3
9229,6
11583,5
11702,2
10788,1
3785,3
7818,5
10983,3
931,1
7236,4
9731,6
2587,6
2226,6
304,2
8852,2
6061,6
2631,3
10036,4
4515,2
12289,1
2869,5
36,5
9227,2
11293,6
3587,3
5216,4
9221,5
1669,2
11059,3
9098,6
2990,4
9538,4
7819,5
12775,0
5495,5
1389,1
9353,2
8306,0
13671,4
11294,6
7142,6
1461,0
9506,2
6820,4
7260,5
6217,1
7605,6
2125,3
2300,2
4277,6
13566,3
10928,0
5352,3
3798,6
1967,2
7833,3
8804,3
4116,4
8763,1
3015,1
2677,1
2030,4
385,1
12407,4
6015,3
4267,3
13175,2
3967,5
1442,4
9509,1
6990,5
9545,4
9941,1
3646,0
11152,0
8887,4
758,1
1697,2
4873,2
8123,0
1983,6
9760,4
11166,4
6915,0
5149,4
9308,2
1879,1
969,4
6060,6
6851,3
1342,6
13190,1
7289,3
13666,2
10371,0
8500,1
2410,5
11398,1
1962,2
9314,5
10521,3
6214,5
2772,3
6020,1
5042,5
518,3
128,1
12382,5
9793,3
13180,6
10575,4
4244,6
8314,2
3581,0
4162,0
5625,5
3543,0
7315,1
8851,3
10998,6
7629,6
4374,1
2649,3
7488,5
1807,1
6109,2
2861,2
11653,1
9045,2
5771,0
10227,3
4934,6
1119,1
8522,2
6422,6
757,1
4156,2
1748,2
7062,1
2726,5
12838,3
4714,5
4195,0
5438,6
12900,0
4113,6
9020,1
4028,3
13207,2
9370,3
4788,2
2943,4
11241,0
9165,4
12632,3
2158,0
7576,4
2699,4
10569,0
5907,0
967,6
13256,2
786,1
10849,4
6360,5
4440,0
10177,6
5892,2
4882,6
2868,5
3279,1
4218,2
9105,3
3269,3
2027,6
2394,1
708,3
12521,0
210,2
5468,5
13499,5
1765,3
61,4
536,4
1167,1
7327,4
45,3
4049,3
13300,3
7180,0
4888,2
1634,4
7140,6
5472,1
785,2
6493,1
6057,1
11917,2
3413,3
11174,3
4853,2
13251,3
11622,4
5995,2
3010,0
13388,0
12033,1
8894,0
7654,2
12635,0
5940,2
12261,3
1808,0
12184,2
11941,6
8075,6
8848,4
5248,2
13398,0
10653,2
7124,1
1349,3
9587,1
740,0
7437,5
9511,1
2459,0
8669,5
9621,0
7381,2
8024,4
13002,6
10340,2
11478,2
11763,4
2497,4
7398,5
7627,0
8016,2
11074,0
7224,2
5063,3
7709,6
109,3
4234,3
7653,6
10431,2
7570,5
3564,0
6130,6
4584,4
9240,2
7319,6
6905,6
12059,1
7002,0
9845,6
11762,5
2047,3
9402,3
8236,1
10717,6
5293,6
6006,3
9969,5
4716,2
7717,3
4535,6
12790,5
13203,0
7897,5
9677,0
8808,1
4475,6
1053,4
11399,5
6787,3
7259,4
3966,1
9999,2
9849,3
955,1
3205,0
5205,1
1289,1
12384,6
4091,4
5848,1
9801,1
6848,1
6928,3
4503,1
13146,5
1443,6
12170,4
8569,5
10735,1
8815,0
3935,6
3927,6
1451,4
12092,4
9174,4
12243,3
6964,0
12469,6
2635,1
13091,2
10017,5
1250,4
8145,6
8323,0
10426,1
2930,5
9243,2
3603,5
12737,2
11322,1
12453,4
1538,3
12836,2
2757,4
9315,5
7873,1
4506,0
9214,5
882,5
1209,1
9259,1
3512,3
5936,6
4211,2
10507,0
11902,1
5806,6
9617,5
6228,0
13163,3
12648,4
4920,3
4448,1
11203,6
1079,5
3863,0
7869,0
8492,0
13649,2
824,3
7538,6
953,6
5266,4
11541,2
12898,0
9622,6
4394,2
8756,5
1792,1
10682,3
7535,6
11121,5
10529,4
10920,2
10191,1
7170,5
11578,2
12286,0
11783,0
13034,1
4692,2
7324,6
10229,2
11388,5
11226,4
13490,6
6161,3
10883,4
1329,5
588,6
8140,1
8645,1
3087,2
9868,0
861,4
640,6
5765,3
10565,0
10291,3
366,3
2643,1
7563,6
13222,4
9564,2
8279,4
11714,2
10306,4
5079,4
6282,6
5899,3
2062,0
11682,3
364,3
2773,0
8005,3
7969,4
6404,3
5396,4
8741,2
9148,5
3860,0
7810,0
11024,5
7097,2
12949,4
8256,0
981,3
3991,6
1973,4
12642,4
13284,0
7764,2
4677,2
7198,6
12172,3
2445,5
8632,1
11736,3
12940,3
1571,1
11254,1
2826,4
543,6
11569,0
8685,4
9307,2
6191,1
4539,5
8454,0
4543,6
5000,0
4074,6
4494,3
4606,4
12457,3
3795,3
7460,6
1077,5
5662,2
13626,3
9374,1
2088,5
5373,1
4141,3
12996,5
8100,4
9570,1
11605,2
9354,6
386,4
5569,3
10081,3
2706,2
50,0
1832,0
3890,1
4951,1
11301,2
13065,2
65,3
6121,3
11238,6
7267,2
13030,5
12065,0
11985,6
8197,5
8700,0
10238,4
10122,2
4027,6
4775,1
5451,0
11978,6
1031,4
13658,4
5874,4
12443,0
2941,6
1835,3
5250,5
11455,1
12754,1
11136,5
9235,1
7147,4
10979,1
9392,3
6524,3
4043,4
13165,2
9249,6
3789,0
12669,2
6222,0
3453,0
10636,3
1219,4
262,6
7544,5
176,1
7365,3
1253,6
6575,6
13240,2
13705,5
10091,2
7583,2
8960,2
2,2
4500,3
12857,5
11441,2
6475,0
1992,3
7338,0
12461,1
6004,3
7592,6
11738,6
1984,4
5851,3
11138,0
1544,4
2146,3
2403,2
8046,2
1641,4
6218,2
4924,2
4385,0
1145,6
699,2
4969,6
12074,5
11782,3
13290,6
1475,1
9475,1
8251,6
6728,6
12105,1
11757,3
5055,3
400,3
8179,1
1554,2
6108,6
9818,3
138,5
13059,1
7943,3
5774,0
4055,0
10013,4
6012,4
11122,6
5688,6
10033,6
6126,0
1877,0
4867,2
12815,1
2574,4
2743,4
3151,6
124,1
2444,4
8460,4
6144,2
1975,5
3547,6
13482,5
10476,5
12807,2
726,0
29,4
6111,6
6375,3
11379,0
9055,5
6556,1
10485,5
5392,2
12738,5
10958,5
11091,5
3772,2
11842,4
4548,1
6418,5
9423,6
12368,1
12537,5
4701,5
10645,6
6949,2
5865,3
619,6
13445,0
12359,3
10506,4
6731,4
10453,5
8606,1
1799,5
9551,2
3230,3
6988,4
9978,4
6046,5
11866,5
4280,2
635,5
11859,0
8842,1
6589,5
9090,1
8347,0
7479,1
4630,2
7920,5
11519,1
5534,1
12544,0
10929,5
1033,5
11778,3
12721,4
5930,6
8656,4
1743,3
4773,6
2835,4
587,2
3242,0
8797,3
8103,2
8043,2
3032,4
7533,0
7731,1
8517,6
7607,1
6554,5
9132,5
9859,3
8995,2
8050,3
12036,4
2297,0
6736,0
3920,2
7896,5
11828,4
3253,4
4163,1
